Document_ID,Question
medium_003,1. Describe the top three risks and propose mitigation strategies.
medium_003,2. Summarize the recommended rollout plan in 3 bullet points.
medium_003,3. Identify any assumptions that must be validated before scaling.
medium_015,1. Describe the top three risks and propose mitigation strategies.
medium_015,2. Summarize the recommended rollout plan in 3 bullet points.
medium_015,3. Identify any assumptions that must be validated before scaling.
medium_022,1. Describe the top three risks and propose mitigation strategies.
medium_022,2. Summarize the recommended rollout plan in 3 bullet points.
medium_022,3. Identify any assumptions that must be validated before scaling.
medium_024,1. Describe the top three risks and propose mitigation strategies.
medium_024,2. Summarize the recommended rollout plan in 3 bullet points.
medium_024,3. Identify any assumptions that must be validated before scaling.
