    Document_ID,Question_ID,Question_Text,Word_Count,Gemini_Tokens_Text,Gemini_Tokens_Image,GPT_Tokens_Text,GPT_Tokens_Image,Text_Response_Time,Image_Response_Time
    short_001,Q1,"Quarterly Financial Analysis of Q2 2025 — short_001 Executive Summary: This document provides an analysis and summary of the topic described above. The objective of this document is to outline key findings, recommendations, and next steps. We evaluate the current state, identify risks, and propose mitigations to ensure operational continuity. The analysis draws on internal metrics, benchmark comparisons, and subject matter expertise. Recommendations prioritize high-impact, low-effort actions aligned with strategic objectives. Key stakeholders include engineering, product, legal, finance, and operations teams. Background: Cost-benefit analysis was performed using a 3-year projection and sensitivity scenarios. Comparative benchmarks were used to determine relative performance versus industry standards. Comparative benchmarks were used to determine relative performance versus industry standards. Risk assessment indicates dependencies that may impact timelines and resource allocation. Performance metrics reveal a consistent trend that correlates with deployment frequency and system throughput. A pilot program is suggested to validate assumptions before full-scale implementation. Performance metrics reveal a consistent trend that correlates with deployment frequency and system throughput. Methodology: Anomalies were investigated using logs, telemetry data, and root-cause analysis techniques. We collected quantitative metrics and conducted qualitative interviews to triangulate outcomes. We collected quantitative metrics and conducted qualitative interviews to triangulate outcomes. Performance metrics reveal a consistent trend that correlates with deployment frequency and system throughput. Comparative benchmarks were used to determine relative performance versus industry standards. Comparative benchmarks were used to determine relative performance versus industry standards. A pilot program is suggested to validate assumptions before full-scale implementation. Findings: We collected quantitative metrics and conducted qualitative interviews to triangulate",257,325,325,,,0.911,1.12
    short_002,Q1,"Market Entry Strategy: Southeast Asia — short_002 Executive Summary: This document provides an analysis and summary of the topic described above. The objective of this document is to outline key findings, recommendations, and next steps. We evaluate the current state, identify risks, and propose mitigations to ensure operational continuity. The analysis draws on internal metrics, benchmark comparisons, and subject matter expertise. Recommendations prioritize high-impact, low-effort actions aligned with strategic objectives. Key stakeholders include engineering, product, legal, finance, and operations teams. Background: Anomalies were investigated using logs, telemetry data, and root-cause analysis techniques. Implementation involves cross-functional collaboration and phased rollouts to mitigate user disruption. Cost-benefit analysis was performed using a 3-year projection and sensitivity scenarios. Risk assessment indicates dependencies that may impact timelines and resource allocation. Comparative benchmarks were used to determine relative performance versus industry standards. Implementation involves cross-functional collaboration and phased rollouts to mitigate user disruption. Performance metrics reveal a consistent trend that correlates with deployment frequency and system throughput. Methodology: Performance metrics reveal a consistent trend that correlates with deployment frequency and system throughput. Anomalies were investigated using logs, telemetry data, and root-cause analysis techniques. Performance metrics reveal a consistent trend that correlates with deployment frequency and system throughput. Implementation involves",203,265,265,,,0.295,0.714
    short_003,Q1,"Whitepaper: Federated Learning for Healthcare — short_003 Executive Summary: This document provides an analysis and summary of the topic described above. The objective of this document is to outline key findings, recommendations, and next steps. We evaluate the current state, identify risks, and propose mitigations to ensure operational continuity. The analysis draws on internal metrics, benchmark comparisons, and subject matter expertise. Recommendations prioritize high-impact, low-effort actions aligned with strategic objectives. Key stakeholders include engineering, product, legal, finance, and operations teams. Background: Performance metrics reveal a consistent trend that correlates with deployment frequency and system throughput. Anomalies were investigated using logs, telemetry data, and root-cause analysis techniques. Performance metrics reveal a consistent trend that correlates with deployment frequency and system throughput. A pilot program is suggested to validate assumptions before full-scale implementation. Cost-benefit analysis was performed using a 3-year projection and sensitivity scenarios. Implementation involves cross-functional collaboration and phased rollouts to mitigate user disruption. Comparative benchmarks were used to determine relative performance versus industry standards. Methodology: Performance metrics reveal a consistent trend that correlates with deployment frequency and system throughput. We collected quantitative metrics and conducted qualitative interviews to triangulate outcomes. Comparative benchmarks were used to determine relative performance versus industry standards. Cost-benefit analysis was performed using a 3-year projection and sensitivity scenarios. Performance metrics reveal a consistent trend that correlates with deployment frequency and system throughput. Comparative benchmarks were used to determine relative performance versus industry standards. Performance metrics reveal a consistent trend that correlates with deployment frequency and system throughput. Findings: Anomalies were investigated using logs, telemetry data, and root-cause analysis techniques. Cost-benefit analysis was performed using a 3-year projection and sensitivity scenarios. The recommended approach balances technical feasibility with business value and regulatory constraints. Implementation involves cross-functional collaboration and phased rollouts to mitigate user disruption. Risk assessment indicates dependencies that may impact timelines and resource allocation. Implementation involves cross-functional collaboration and phased rollouts to mitigate user disruption. Implementation involves cross-functional collaboration and phased rollouts to mitigate user disruption. Comparative benchmarks were used to determine relative performance versus industry standards. Discussion: Cost-benefit analysis was performed using a 3-year projection and sensitivity scenarios. Performance metrics reveal a consistent trend that correlates with deployment frequency and system throughput. Risk assessment indicates dependencies that may impact timelines and resource allocation. A pilot program is suggested to validate assumptions before full-scale implementation. Comparative benchmarks were used to determine relative performance versus industry standards. Risk assessment indicates dependencies that may impact timelines and resource allocation. The recommended approach balances technical feasibility with business value and regulatory constraints. Recommendations: Anomalies were investigated using logs, telemetry data, and root-cause analysis techniques.",435,552,552,,,0.516,1.117
    short_004,Q1,"Operational Cost Optimization Report — short_004 Executive Summary: This document provides an analysis and summary of the topic described above. The objective of this document is to outline key findings, recommendations, and next steps. We evaluate the current state, identify risks, and propose mitigations to ensure operational continuity. The analysis draws on internal metrics, benchmark comparisons, and subject matter expertise. Recommendations prioritize high-impact, low-effort actions aligned with strategic objectives. Key stakeholders include engineering, product, legal, finance, and operations teams. Background: Cost-benefit analysis was performed using a 3-year projection and sensitivity scenarios. Performance metrics reveal a consistent trend that correlates with deployment frequency and system throughput. Comparative benchmarks were used to determine relative performance versus industry standards. Implementation involves cross-functional collaboration and phased rollouts to mitigate user disruption. Comparative benchmarks were used to determine relative performance versus industry standards. The recommended approach balances technical feasibility with business value and regulatory constraints. Anomalies were investigated using logs, telemetry data, and root-cause analysis techniques. Methodology: The recommended approach balances technical feasibility with business value and regulatory constraints. Risk assessment indicates dependencies that may impact timelines and resource allocation. Cost-benefit analysis was performed using a 3-year projection and sensitivity scenarios. Risk assessment indicates dependencies that may impact timelines and resource allocation. Comparative benchmarks were used to determine relative performance versus industry standards. A pilot program is suggested to validate assumptions before full-scale implementation. A pilot program is suggested to validate assumptions before full-scale implementation. Cost-benefit analysis was performed using a 3-year projection and sensitivity scenarios. Findings: Anomalies were investigated using logs, telemetry data, and root-cause analysis techniques. Anomalies were investigated using logs, telemetry data, and root-cause analysis techniques. Implementation involves cross-functional collaboration and phased rollouts to mitigate user disruption. Comparative benchmarks were used to determine relative performance versus industry standards. Risk assessment indicates dependencies that may impact timelines and resource allocation. A pilot program is suggested to validate assumptions before full-scale implementation. The recommended approach balances technical feasibility with business value and regulatory constraints. Performance metrics reveal a consistent trend that correlates with deployment frequency and system throughput. Discussion: We collected quantitative metrics and conducted qualitative interviews to triangulate outcomes. Performance metrics reveal a consistent",361,460,460,,,0.306,0.494
    short_005,Q1,"Technical Note: Latency Reduction Techniques — short_005 Executive Summary: This document provides an analysis and summary of the topic described above. The objective of this document is to outline key findings, recommendations, and next steps. We evaluate the current state, identify risks, and propose mitigations to ensure operational continuity. The analysis draws on internal metrics, benchmark comparisons, and subject matter expertise. Recommendations prioritize high-impact, low-effort actions aligned with strategic objectives. Key stakeholders include engineering, product, legal, finance, and operations teams. Background: The recommended approach balances technical feasibility with business value and regulatory constraints. A pilot program is suggested to validate assumptions before full-scale implementation. Cost-benefit analysis was performed using a 3-year projection and sensitivity scenarios. A pilot program is suggested to validate assumptions before full-scale implementation. We collected quantitative metrics and conducted qualitative interviews to triangulate outcomes. Performance metrics reveal a consistent trend that correlates with deployment frequency and system throughput. A pilot program is suggested to validate assumptions before full-scale implementation. Methodology: Cost-benefit analysis was performed using a 3-year projection and sensitivity scenarios. Implementation involves cross-functional collaboration and phased rollouts to mitigate user disruption. Performance metrics reveal a consistent trend that correlates with deployment frequency and system throughput. Cost-benefit analysis was performed using a 3-year projection and sensitivity scenarios. Anomalies were investigated using logs, telemetry data, and root-cause analysis techniques. Risk assessment indicates dependencies that may impact timelines and resource allocation. The recommended approach balances technical feasibility with business value and regulatory constraints. Findings: We collected quantitative metrics and conducted qualitative interviews to triangulate outcomes. Cost-benefit analysis was performed using a 3-year projection and sensitivity scenarios. A pilot program is suggested to validate assumptions before full-scale implementation. Risk assessment indicates dependencies that may impact timelines and resource allocation. A pilot program is suggested to validate assumptions before full-scale implementation. Performance metrics reveal a consistent trend that correlates with deployment frequency and system throughput. Cost-benefit analysis was performed using a 3-year projection and sensitivity scenarios. Discussion: A pilot program is suggested to validate assumptions before full-scale implementation. Comparative benchmarks were used to determine relative performance versus industry standards. Risk assessment indicates dependencies that may impact timelines and resource allocation. Implementation involves cross-functional collaboration and phased rollouts to mitigate user disruption. Risk assessment indicates dependencies that may impact timelines and resource allocation. A pilot program is suggested to validate assumptions before full-scale implementation. A pilot program",395,508,508,,,0.519,0.31
    short_006,Q1,"Internal Audit Findings: IT Controls — short_006 Executive Summary: This document provides an analysis and summary of the topic described above. The objective of this document is to outline key findings, recommendations, and next steps. We evaluate the current state, identify risks, and propose mitigations to ensure operational continuity. The analysis draws on internal metrics, benchmark comparisons, and subject matter expertise. Recommendations prioritize high-impact, low-effort actions aligned with strategic objectives. Key stakeholders include engineering, product, legal, finance, and operations teams. Background: We collected quantitative metrics and conducted qualitative interviews to triangulate outcomes. Performance metrics reveal a consistent trend that correlates with deployment frequency and system throughput. Implementation involves cross-functional collaboration and phased rollouts to mitigate user disruption. Cost-benefit analysis was performed using a 3-year projection and sensitivity scenarios. Comparative benchmarks were used to determine relative performance versus industry standards. We collected quantitative metrics and conducted qualitative interviews to triangulate outcomes. Comparative benchmarks were used to determine relative performance versus industry standards. Methodology: Performance metrics reveal a consistent trend that correlates with deployment frequency and system throughput. Performance metrics reveal a consistent trend that correlates with deployment frequency and system throughput. The recommended approach balances technical feasibility with business value and regulatory constraints. Performance metrics reveal a consistent trend that correlates with deployment frequency and system throughput. A pilot program is suggested to validate assumptions before full-scale implementation. Risk assessment indicates dependencies that may impact timelines and resource allocation. Risk assessment indicates dependencies that may impact timelines and resource allocation. Findings: The recommended approach balances technical feasibility with business value and regulatory constraints. A pilot program is suggested to validate assumptions before full-scale implementation. Risk assessment indicates dependencies that may impact timelines and resource allocation. Cost-benefit analysis was performed using a 3-year projection and sensitivity scenarios. A pilot program is suggested to validate assumptions before full-scale implementation. Anomalies were investigated using logs, telemetry data, and root-cause analysis techniques. Comparative benchmarks were used to determine relative performance versus industry standards. A pilot program is suggested to validate assumptions before full-scale implementation. Discussion: Comparative benchmarks were used to determine relative performance versus industry standards. Cost-benefit analysis was performed using a 3-year projection and sensitivity scenarios. Anomalies were investigated",365,456,456,,,0.505,0.322
    short_007,Q1,"Supply Chain Resilience Assessment — short_007

    Executive Summary:
    This document provides an analysis and summary of the topic described above. The objective of this document is to outline key findings, recommendations, and next steps. We evaluate the current state, identify risks, and propose mitigations to ensure operational continuity. The analysis draws on internal metrics, benchmark comparisons, and subject matter expertise. Recommendations prioritize high-impact, low-effort actions aligned with strategic objectives. Key stakeholders include engineering, product, legal, finance, and operations teams.

    Background:
    Performance metrics reveal a consistent trend that correlates with deployment frequency and system throughput. Implementation involves cross-functional collaboration and phased rollouts to mitigate user disruption. We collected quantitative metrics and conducted qualitative interviews to triangulate outcomes. A pilot program is suggested to validate assumptions before full-scale implementation. Comparative benchmarks were used to determine relative performance versus industry standards. Comparative benchmarks were used to determine relative performance versus industry standards. We collected quantitative metrics and conducted qualitative interviews to triangulate outcomes.

    Methodology:
    Performance metrics reveal a consistent trend that correlates with deployment frequency and system throughput. We collected quantitative metrics and conducted qualitative interviews to triangulate outcomes. Comparative benchmarks were used to determine relative performance versus industry standards. Performance metrics reveal a consistent trend that correlates with deployment frequency and system throughput. We collected quantitative metrics and conducted qualitative interviews to triangulate outcomes. Implementation involves cross-functional collaboration and phased rollouts to mitigate user disruption. Performance metrics reveal a consistent trend that correlates with deployment frequency and system throughput.

    Findings:
    A pilot program is suggested to validate assumptions before full-scale implementation. Comparative benchmarks were used to determine relative performance versus industry standards. Cost-benefit analysis was performed using a 3-year projection and sensitivity scenarios. The recommended approach balances technical feasibility with business value and regulatory constraints. Comparative benchmarks were used to determine relative performance versus industry standards. A pilot program is suggested to validate assumptions before full-scale implementation. Risk assessment indicates dependencies that may impact timelines and resource allocation. The recommended approach balances technical feasibility with business value and regulatory constraints.

    Evaluation Questions:
    1. Describe the top three risks and propose mitigation strategies.
    2. Summarize the recommended rollout plan in 3 bullet points.
    3. Identify any assumptions that must be validated before scaling.
    ",370,467,467,,,0.495,0.709
    short_008,Q1,"Internal Audit Findings: IT Controls — short_008

    Executive Summary:
    This document provides an analysis and summary of the topic described above. The objective of this document is to outline key findings, recommendations, and next steps. We evaluate the current state, identify risks, and propose mitigations to ensure operational continuity. The analysis draws on internal metrics, benchmark comparisons, and subject matter expertise. Recommendations prioritize high-impact, low-effort actions aligned with strategic objectives. Key stakeholders include engineering, product, legal, finance, and operations teams.

    Background:
    Anomalies were investigated using logs, telemetry data, and root-cause analysis techniques. Comparative benchmarks were used to determine relative performance versus industry standards. Performance metrics reveal a consistent trend that correlates with deployment frequency and system throughput. Performance metrics reveal a consistent trend that correlates with deployment frequency and system throughput. Anomalies were investigated using logs, telemetry data, and root-cause analysis techniques. Implementation involves cross-functional collaboration and phased rollouts to mitigate user disruption. Anomalies were investigated using logs, telemetry data, and root-cause analysis techniques.

    Methodology:
    Anomalies were investigated using logs, telemetry data, and root-cause analysis techniques. The recommended approach balances technical feasibility with business value and regulatory constraints. We collected quantitative metrics and conducted qualitative interviews to triangulate outcomes. Performance metrics reveal a consistent trend that correlates with deployment frequency and system throughput. We collected quantitative metrics and conducted qualitative interviews to triangulate outcomes. Anomalies were investigated using logs, telemetry data, and root-cause analysis techniques. Implementation involves cross-functional collaboration and phased rollouts to mitigate user disruption.

    Findings:
    Performance metrics reveal a consistent trend that correlates with deployment frequency and system throughput. Comparative benchmarks were used to determine relative performance versus industry standards. Comparative benchmarks were used to determine relative performance versus industry standards. Comparative benchmarks were used to determine relative performance versus industry standards. A pilot program is suggested to validate assumptions before full-scale implementation. The recommended approach balances technical feasibility with business value and regulatory constraints. Risk assessment indicates dependencies that may impact timelines and resource allocation.

    Evaluation Questions:
    1. Describe the top three risks and propose mitigation strategies.
    2. Summarize the recommended rollout plan in 3 bullet points.
    3. Identify any assumptions that must be validated before scaling.
    ",360,473,473,,,0.303,0.493
    short_009,Q1,"Market Entry Strategy: Southeast Asia — short_009

    Executive Summary:
    This document provides an analysis and summary of the topic described above. The objective of this document is to outline key findings, recommendations, and next steps. We evaluate the current state, identify risks, and propose mitigations to ensure operational continuity. The analysis draws on internal metrics, benchmark comparisons, and subject matter expertise. Recommendations prioritize high-impact, low-effort actions aligned with strategic objectives. Key stakeholders include engineering, product, legal, finance, and operations teams.

    Background:
    Cost-benefit analysis was performed using a 3-year projection and sensitivity scenarios. The recommended approach balances technical feasibility with business value and regulatory constraints. Comparative benchmarks were used to determine relative performance versus industry standards. Performance metrics reveal a consistent trend that correlates with deployment frequency and system throughput. The recommended approach balances technical feasibility with business value and regulatory constraints. A pilot program is suggested to validate assumptions before full-scale implementation. Performance metrics reveal a consistent trend that correlates with deployment frequency and system throughput.

    Methodology:
    We collected quantitative metrics and conducted qualitative interviews to triangulate outcomes. A pilot program is suggested to validate assumptions before full-scale implementation. We collected quantitative metrics and conducted qualitative interviews to triangulate outcomes. Performance metrics reveal a consistent trend that correlates with deployment frequency and system throughput. Comparative benchmarks were used to determine relative performance versus industry standards. Risk assessment indicates dependencies that may impact timelines and resource allocation. Anomalies were investigated using logs, telemetry data, and root-cause analysis techniques.

    Findings:
    The recommended approach balances technical feasibility with business value and regulatory constraints. The recommended approach balances technical feasibility with business value and regulatory constraints. Comparative benchmarks were used to determine relative performance versus industry standards. Anomalies were investigated using logs, telemetry data, and root-cause analysis techniques. We collected quantitative metrics and conducted qualitative interviews to triangulate outcomes. Risk assessment indicates dependencies that may impact timelines and resource allocation. Anomalies were investigated using logs, telemetry data, and root-cause analysis techniques. We collected quantitative metrics and conducted qualitative interviews to triangulate outcomes.

    Discussion:
    Anomalies were investigated using logs, telemetry data, and root-cause analysis techniques. Cost-benefit analysis was performed using a 3-year projection and sensitivity scenarios. The recommended approach balances technical feasibility with business value and regulatory constraints. Cost-benefit analysis was performed using a 3-year projection and sensitivity scenarios. Anomalies were investigated using logs, telemetry data, and root-cause analysis techniques. A pilot program is suggested to validate assumptions before full-scale implementation. The recommended approach balances technical feasibility with business value and regulatory constraints. Risk assessment indicates dependencies that may impact timelines and resource allocation.

    Evaluation Questions:
    1. Describe the top three risks and propose mitigation strategies.
    2. Summarize the recommended rollout plan in 3 bullet points.
    3. Identify any assumptions that must be validated before scaling.
    ",461,600,600,,,0.319,0.515
    short_010,Q1,"Technical Feasibility Study: Edge AI Deployment — short_010 Executive Summary: This document provides an analysis and summary of the topic described above. The objective of this document is to outline key findings, recommendations, and next steps. We evaluate the current state, identify risks, and propose mitigations to ensure operational continuity. The analysis draws on internal metrics, benchmark comparisons, and subject matter expertise. Recommendations prioritize high-impact, low-effort actions aligned with strategic objectives. Key stakeholders include engineering, product, legal, finance, and operations teams. Background: Comparative benchmarks were used to determine relative performance versus industry standards. We collected quantitative metrics and conducted qualitative interviews to triangulate outcomes. A pilot program is suggested to validate assumptions before full-scale implementation. We collected quantitative metrics and conducted qualitative interviews to triangulate outcomes. Implementation involves cross-functional collaboration and phased rollouts to mitigate user disruption. We collected quantitative metrics and conducted qualitative interviews to triangulate outcomes. We collected quantitative metrics and conducted qualitative interviews to triangulate outcomes. The recommended approach balances technical feasibility with business value and regulatory constraints. Methodology: A pilot program is suggested to validate assumptions before full-scale implementation. A pilot program is suggested to validate assumptions before full-scale implementation. Risk assessment indicates dependencies that may impact timelines and resource allocation. We collected quantitative metrics and conducted qualitative interviews to triangulate outcomes. A pilot program is suggested to validate assumptions before full-scale implementation. Performance metrics reveal a consistent trend that correlates with deployment frequency and system throughput. Risk assessment indicates dependencies that may impact timelines and resource allocation. Findings: Performance metrics reveal a consistent trend that correlates with deployment frequency and system throughput. Performance metrics reveal a consistent trend that correlates with deployment frequency and system throughput. Comparative benchmarks were used to determine relative performance versus industry standards. Anomalies were investigated using logs,",297,366,366,,,0.4,0.511
    short_011,Q1,"API Design Guidelines and Versioning Policy — short_011

    Executive Summary:
    This document provides an analysis and summary of the topic described above. The objective of this document is to outline key findings, recommendations, and next steps. We evaluate the current state, identify risks, and propose mitigations to ensure operational continuity. The analysis draws on internal metrics, benchmark comparisons, and subject matter expertise. Recommendations prioritize high-impact, low-effort actions aligned with strategic objectives. Key stakeholders include engineering, product, legal, finance, and operations teams.

    Background:
    A pilot program is suggested to validate assumptions before full-scale implementation. Implementation involves cross-functional collaboration and phased rollouts to mitigate user disruption. Cost-benefit analysis was performed using a 3-year projection and sensitivity scenarios. Comparative benchmarks were used to determine relative performance versus industry standards. Implementation involves cross-functional collaboration and phased rollouts to mitigate user disruption. Comparative benchmarks were used to determine relative performance versus industry standards. Cost-benefit analysis was performed using a 3-year projection and sensitivity scenarios. Anomalies were investigated using logs, telemetry data, and root-cause analysis techniques.

    Methodology:
    Risk assessment indicates dependencies that may impact timelines and resource allocation. Cost-benefit analysis was performed using a 3-year projection and sensitivity scenarios. The recommended approach balances technical feasibility with business value and regulatory constraints. Implementation involves cross-functional collaboration and phased rollouts to mitigate user disruption. Performance metrics reveal a consistent trend that correlates with deployment frequency and system throughput. We collected quantitative metrics and conducted qualitative interviews to triangulate outcomes. The recommended approach balances technical feasibility with business value and regulatory constraints.

    Evaluation Questions:
    1. Describe the top three risks and propose mitigation strategies.
    2. Summarize the recommended rollout plan in 3 bullet points.
    3. Identify any assumptions that must be validated before scaling.
    ",285,384,384,,,1.224,0.311
    short_012,Q1,"Product Requirements Document: Analytics Platform — short_012 Executive Summary: This document provides an analysis and summary of the topic described above. The objective of this document is to outline key findings, recommendations, and next steps. We evaluate the current state, identify risks, and propose mitigations to ensure operational continuity. The analysis draws on internal metrics, benchmark comparisons, and subject matter expertise. Recommendations prioritize high-impact, low-effort actions aligned with strategic objectives. Key stakeholders include engineering, product, legal, finance, and operations teams. Background: Performance metrics reveal a consistent trend that correlates with deployment frequency and system throughput. A pilot program is suggested to validate assumptions before full-scale implementation. Comparative benchmarks were used to determine relative performance versus industry standards. A pilot program is suggested to validate assumptions before full-scale implementation. Cost-benefit analysis was performed using a 3-year projection and sensitivity scenarios. Risk assessment indicates dependencies that may impact timelines and resource allocation. Implementation involves cross-functional collaboration and phased rollouts to mitigate user disruption. Performance metrics reveal a consistent trend that correlates with deployment frequency and system throughput. Methodology: Comparative benchmarks were used to determine relative performance versus industry standards. Implementation involves cross-functional collaboration and phased rollouts to mitigate user disruption. Cost-benefit analysis was performed using a 3-year projection and sensitivity scenarios. Risk assessment indicates dependencies that may impact timelines and resource allocation. The recommended approach balances technical feasibility with business value and regulatory constraints. A pilot program is suggested to validate assumptions before full-scale implementation. Cost-benefit analysis was performed using a 3-year projection and sensitivity scenarios. A pilot program is suggested to validate assumptions before full-scale implementation. Findings: We collected quantitative metrics and conducted qualitative interviews to triangulate outcomes. A pilot program is suggested to validate assumptions before full-scale implementation. Cost-benefit analysis was performed using a 3-year projection and sensitivity scenarios. Performance metrics reveal a consistent trend that correlates with deployment frequency and system throughput. Risk assessment indicates dependencies that may impact timelines and resource allocation. Cost-benefit analysis was performed using a 3-year projection and sensitivity scenarios. Performance metrics reveal a consistent trend that correlates with deployment frequency and system throughput. Discussion: Performance metrics reveal a consistent trend that correlates with deployment frequency and system throughput. A pilot program is suggested to validate assumptions before full-scale implementation. Risk assessment indicates dependencies that may impact timelines and resource allocation. Cost-benefit analysis was performed using a 3-year projection and sensitivity scenarios. Cost-benefit analysis was performed using a 3-year projection and sensitivity scenarios. Comparative benchmarks were used to determine relative performance versus industry standards. Implementation involves cross-functional collaboration and phased rollouts to mitigate user disruption. Comparative benchmarks were used to determine relative performance versus industry standards. Recommendations: Cost-benefit analysis was performed using a 3-year projection and sensitivity scenarios. A pilot program is suggested to validate assumptions before full-scale implementation. The recommended approach balances technical feasibility with business value and regulatory constraints. Cost-benefit analysis was performed using a 3-year projection and sensitivity scenarios. We",488,626,626,,,0.503,0.412
    short_013,Q1,"Scalable Microservices Architecture for Payment Processing — short_013

    Executive Summary:
    This document provides an analysis and summary of the topic described above. The objective of this document is to outline key findings, recommendations, and next steps. We evaluate the current state, identify risks, and propose mitigations to ensure operational continuity. The analysis draws on internal metrics, benchmark comparisons, and subject matter expertise. Recommendations prioritize high-impact, low-effort actions aligned with strategic objectives. Key stakeholders include engineering, product, legal, finance, and operations teams.

    Background:
    We collected quantitative metrics and conducted qualitative interviews to triangulate outcomes. Implementation involves cross-functional collaboration and phased rollouts to mitigate user disruption. Risk assessment indicates dependencies that may impact timelines and resource allocation. Cost-benefit analysis was performed using a 3-year projection and sensitivity scenarios. Risk assessment indicates dependencies that may impact timelines and resource allocation. The recommended approach balances technical feasibility with business value and regulatory constraints. A pilot program is suggested to validate assumptions before full-scale implementation. Anomalies were investigated using logs, telemetry data, and root-cause analysis techniques.

    Methodology:
    A pilot program is suggested to validate assumptions before full-scale implementation. We collected quantitative metrics and conducted qualitative interviews to triangulate outcomes. Performance metrics reveal a consistent trend that correlates with deployment frequency and system throughput. Performance metrics reveal a consistent trend that correlates with deployment frequency and system throughput. Risk assessment indicates dependencies that may impact timelines and resource allocation. A pilot program is suggested to validate assumptions before full-scale implementation. We collected quantitative metrics and conducted qualitative interviews to triangulate outcomes.

    Findings:
    Implementation involves cross-functional collaboration and phased rollouts to mitigate user disruption. A pilot program is suggested to validate assumptions before full-scale implementation. Risk assessment indicates dependencies that may impact timelines and resource allocation. Anomalies were investigated using logs, telemetry data, and root-cause analysis techniques. Risk assessment indicates dependencies that may impact timelines and resource allocation. We collected quantitative metrics and conducted qualitative interviews to triangulate outcomes. Cost-benefit analysis was performed using a 3-year projection and sensitivity scenarios. Implementation involves cross-functional collaboration and phased rollouts to mitigate user disruption.

    Evaluation Questions:
    1. Describe the top three risks and propose mitigation strategies.
    2. Summarize the recommended rollout plan in 3 bullet points.
    3. Identify any assumptions that must be validated before scaling.
    ",376,496,496,,,0.404,0.413
    short_014,Q1,"Research Abstract: Novel Battery Materials — short_014 Executive Summary: This document provides an analysis and summary of the topic described above. The objective of this document is to outline key findings, recommendations, and next steps. We evaluate the current state, identify risks, and propose mitigations to ensure operational continuity. The analysis draws on internal metrics, benchmark comparisons, and subject matter expertise. Recommendations prioritize high-impact, low-effort actions aligned with strategic objectives. Key stakeholders include engineering, product, legal, finance, and operations teams. Background: Comparative benchmarks were used to determine relative performance versus industry standards. Comparative benchmarks were used to determine relative performance versus industry standards. Performance metrics reveal a consistent trend that correlates with deployment frequency and system throughput. Implementation involves cross-functional collaboration and phased rollouts to mitigate user disruption. A pilot program is suggested to validate assumptions before full-scale implementation. Anomalies were investigated using logs, telemetry data, and root-cause analysis techniques. Risk assessment indicates dependencies that may impact timelines and resource allocation. Methodology: Comparative benchmarks were used to determine relative performance versus industry standards. Risk assessment indicates dependencies that may impact timelines and resource allocation. Risk assessment indicates dependencies that may impact timelines and resource allocation. Anomalies were investigated using logs, telemetry data, and root-cause analysis techniques. We collected quantitative metrics and conducted qualitative interviews to triangulate outcomes. Risk assessment indicates",220,279,279,,,0.28,0.53
    short_015,Q1,"Regulatory Compliance Overview: GDPR & CCPA — short_015

    Executive Summary:
    This document provides an analysis and summary of the topic described above. The objective of this document is to outline key findings, recommendations, and next steps. We evaluate the current state, identify risks, and propose mitigations to ensure operational continuity. The analysis draws on internal metrics, benchmark comparisons, and subject matter expertise. Recommendations prioritize high-impact, low-effort actions aligned with strategic objectives. Key stakeholders include engineering, product, legal, finance, and operations teams.

    Background:
    Risk assessment indicates dependencies that may impact timelines and resource allocation. Performance metrics reveal a consistent trend that correlates with deployment frequency and system throughput. Anomalies were investigated using logs, telemetry data, and root-cause analysis techniques. We collected quantitative metrics and conducted qualitative interviews to triangulate outcomes. The recommended approach balances technical feasibility with business value and regulatory constraints. Comparative benchmarks were used to determine relative performance versus industry standards. Comparative benchmarks were used to determine relative performance versus industry standards.

    Methodology:
    The recommended approach balances technical feasibility with business value and regulatory constraints. Implementation involves cross-functional collaboration and phased rollouts to mitigate user disruption. Cost-benefit analysis was performed using a 3-year projection and sensitivity scenarios. Comparative benchmarks were used to determine relative performance versus industry standards. Comparative benchmarks were used to determine relative performance versus industry standards. We collected quantitative metrics and conducted qualitative interviews to triangulate outcomes. Comparative benchmarks were used to determine relative performance versus industry standards. Anomalies were investigated using logs, telemetry data, and root-cause analysis techniques.

    Findings:
    Implementation involves cross-functional collaboration and phased rollouts to mitigate user disruption. Cost-benefit analysis was performed using a 3-year projection and sensitivity scenarios. Performance metrics reveal a consistent trend that correlates with deployment frequency and system throughput. Cost-benefit analysis was performed using a 3-year projection and sensitivity scenarios. Implementation involves cross-functional collaboration and phased rollouts to mitigate user disruption. A pilot program is suggested to validate assumptions before full-scale implementation. Anomalies were investigated using logs, telemetry data, and root-cause analysis techniques.

    Evaluation Questions:
    1. Describe the top three risks and propose mitigation strategies.
    2. Summarize the recommended rollout plan in 3 bullet points.
    3. Identify any assumptions that must be validated before scaling.
    ",366,487,487,,,0.607,0.413
